target_id,product_id,region,month_date,revenue_target,retention_target
1,1,DACH,2021-01-01,22745.4,0.92
2,2,DACH,2021-01-01,28507.14,0.92
3,3,DACH,2021-01-01,26319.94,0.92
4,1,UK,2021-01-01,24986.58,0.92
5,2,UK,2021-01-01,20560.19,0.92
6,3,UK,2021-01-01,20559.95,0.92
7,1,Iberia,2021-01-01,19580.84,0.92
8,2,Iberia,2021-01-01,27661.76,0.92
9,3,Iberia,2021-01-01,25011.15,0.92
10,1,Nordics,2021-01-01,26080.73,0.92
11,2,Nordics,2021-01-01,19205.84,0.92
12,3,Nordics,2021-01-01,28699.1,0.92
13,1,France,2021-01-01,27324.43,0.92
14,2,France,2021-01-01,21123.39,0.92
15,3,France,2021-01-01,20818.25,0.92
16,1,Italy,2021-01-01,20834.05,0.92
17,2,Italy,2021-01-01,22042.42,0.92
18,3,Italy,2021-01-01,24247.56,0.92
19,1,DACH,2021-02-01,23319.45,0.92
20,2,DACH,2021-02-01,21912.29,0.92
21,3,DACH,2021-02-01,25118.53,0.92
22,1,UK,2021-02-01,20394.94,0.92
23,2,UK,2021-02-01,21921.45,0.92
24,3,UK,2021-02-01,22663.62,0.92
25,1,Iberia,2021-02-01,23560.7,0.92
26,2,Iberia,2021-02-01,26851.76,0.92
27,3,Iberia,2021-02-01,20996.74,0.92
28,1,Nordics,2021-02-01,24142.34,0.92
29,2,Nordics,2021-02-01,24924.15,0.92
30,3,Nordics,2021-02-01,19464.5,0.92
31,1,France,2021-02-01,25075.45,0.92
32,2,France,2021-02-01,20705.24,0.92
33,3,France,2021-02-01,19650.52,0.92
34,1,Italy,2021-02-01,28488.86,0.92
35,2,Italy,2021-02-01,28656.32,0.92
36,3,Italy,2021-02-01,27083.97,0.92
37,1,DACH,2021-03-01,22046.14,0.92
38,2,DACH,2021-03-01,19976.72,0.92
39,3,DACH,2021-03-01,25842.33,0.92
40,1,UK,2021-03-01,23401.52,0.92
41,2,UK,2021-03-01,20220.38,0.92
42,3,UK,2021-03-01,23951.77,0.92
43,1,Iberia,2021-03-01,19343.89,0.92
44,2,Iberia,2021-03-01,28093.2,0.92
45,3,Iberia,2021-03-01,21587.8,0.92
46,1,Nordics,2021-03-01,25625.22,0.92
47,2,Nordics,2021-03-01,22117.11,0.92
48,3,Nordics,2021-03-01,24200.68,0.92
49,1,France,2021-03-01,24467.1,0.92
50,2,France,2021-03-01,20848.54,0.92
51,3,France,2021-03-01,28695.85,0.92
52,1,Italy,2021-03-01,26751.33,0.92
53,2,Italy,2021-03-01,28394.99,0.92
54,3,Italy,2021-03-01,27948.27,0.92
55,1,DACH,2021-04-01,24979.0,0.92
56,2,DACH,2021-04-01,28218.74,0.92
57,3,DACH,2021-04-01,19884.93,0.92
58,1,UK,2021-04-01,20959.83,0.92
59,2,UK,2021-04-01,19452.27,0.92
60,3,UK,2021-04-01,22253.3,0.92
61,1,Iberia,2021-04-01,22886.77,0.92
62,2,Iberia,2021-04-01,21713.49,0.92
63,3,Iberia,2021-04-01,27287.38,0.92
64,1,Nordics,2021-04-01,22567.53,0.92
65,2,Nordics,2021-04-01,21809.35,0.92
66,3,Nordics,2021-04-01,24426.96,0.92
67,1,France,2021-04-01,20409.24,0.92
68,2,France,2021-04-01,27021.97,0.92
69,3,France,2021-04-01,19745.51,0.92
70,1,Italy,2021-04-01,28868.87,0.92
71,2,Italy,2021-04-01,26722.45,0.92
72,3,Italy,2021-04-01,20987.16,0.92
73,1,DACH,2021-05-01,19055.22,0.92
74,2,DACH,2021-05-01,27154.61,0.92
75,3,DACH,2021-05-01,26068.57,0.92
76,1,UK,2021-05-01,26290.07,0.92
77,2,UK,2021-05-01,26712.7,0.92
78,3,UK,2021-05-01,19740.45,0.92
79,1,Iberia,2021-05-01,22584.66,0.92
80,2,Iberia,2021-05-01,20158.69,0.92
81,3,Iberia,2021-05-01,27631.03,0.92
82,1,Nordics,2021-05-01,25232.98,0.92
83,2,Nordics,2021-05-01,22308.98,0.92
84,3,Nordics,2021-05-01,19635.58,0.92
85,1,France,2021-05-01,22109.82,0.92
86,2,France,2021-05-01,22251.83,0.92
87,3,France,2021-05-01,26296.06,0.92
88,1,Italy,2021-05-01,25375.57,0.92
89,2,Italy,2021-05-01,27872.13,0.92
90,3,Italy,2021-05-01,23722.15,0.92
91,1,DACH,2021-06-01,20195.94,0.92
92,2,DACH,2021-06-01,26132.45,0.92
93,3,DACH,2021-06-01,26607.85,0.92
94,1,UK,2021-06-01,24612.77,0.92
95,2,UK,2021-06-01,26709.67,0.92
96,3,UK,2021-06-01,23937.96,0.92
97,1,Iberia,2021-06-01,24227.33,0.92
98,2,Iberia,2021-06-01,23275.41,0.92
99,3,Iberia,2021-06-01,19254.19,0.92
100,1,Nordics,2021-06-01,20078.91,0.92
101,2,Nordics,2021-06-01,19314.29,0.92
102,3,Nordics,2021-06-01,25364.1,0.92
103,1,France,2021-06-01,22143.56,0.92
104,2,France,2021-06-01,24085.71,0.92
105,3,France,2021-06-01,28075.66,0.92
106,1,Italy,2021-06-01,21492.92,0.92
107,2,Italy,2021-06-01,23103.83,0.92
108,3,Italy,2021-06-01,26555.51,0.92
109,1,DACH,2021-07-01,21287.98,0.92
110,2,DACH,2021-07-01,19769.8,0.92
111,3,DACH,2021-07-01,21897.51,0.92
112,1,UK,2021-07-01,20612.21,0.92
113,2,UK,2021-07-01,28296.98,0.92
114,3,UK,2021-07-01,27081.2,0.92
115,1,Iberia,2021-07-01,25334.04,0.92
116,2,Iberia,2021-07-01,27714.61,0.92
117,3,Iberia,2021-07-01,27036.72,0.92
118,1,Nordics,2021-07-01,20865.7,0.92
119,2,Nordics,2021-07-01,27925.59,0.92
120,3,Nordics,2021-07-01,24393.42,0.92
121,1,France,2021-07-01,27074.4,0.92
122,2,France,2021-07-01,27960.91,0.92
123,3,France,2021-07-01,22180.03,0.92
124,1,Italy,2021-07-01,20100.52,0.92
125,2,Italy,2021-07-01,21279.35,0.92
126,3,Italy,2021-07-01,23271.08,0.92
127,1,DACH,2021-08-01,27180.15,0.92
128,2,DACH,2021-08-01,27607.31,0.92
129,3,DACH,2021-08-01,19069.52,0.92
130,1,UK,2021-08-01,24107.47,0.92
131,2,UK,2021-08-01,23174.11,0.92
132,3,UK,2021-08-01,21221.08,0.92
133,1,Iberia,2021-08-01,20198.65,0.92
134,2,Iberia,2021-08-01,22376.15,0.92
135,3,Iberia,2021-08-01,28429.1,0.92
136,1,Nordics,2021-08-01,22232.03,0.92
137,2,Nordics,2021-08-01,24187.91,0.92
138,3,Nordics,2021-08-01,26030.19,0.92
139,1,France,2021-08-01,22636.3,0.92
140,2,France,2021-08-01,28717.82,0.92
141,3,France,2021-08-01,28624.47,0.92
142,1,Italy,2021-08-01,21517.82,0.92
143,2,Italy,2021-08-01,23972.49,0.92
144,3,Italy,2021-08-01,22008.78,0.92
145,1,DACH,2021-09-01,21848.4,0.92
146,2,DACH,2021-09-01,19368.87,0.92
147,3,DACH,2021-09-01,25095.64,0.92
148,1,UK,2021-09-01,24026.79,0.92
149,2,UK,2021-09-01,19514.79,0.92
150,3,UK,2021-09-01,21786.46,0.92
151,1,Iberia,2021-09-01,28082.66,0.92
152,2,Iberia,2021-09-01,21395.62,0.92
153,3,Iberia,2021-09-01,20448.95,0.92
154,1,Nordics,2021-09-01,23894.53,0.92
155,2,Nordics,2021-09-01,28856.5,0.92
156,3,Nordics,2021-09-01,21420.55,0.92
157,1,France,2021-09-01,25721.36,0.92
158,2,France,2021-09-01,26616.2,0.92
159,3,France,2021-09-01,21376.38,0.92
160,1,Italy,2021-09-01,26282.16,0.92
161,2,Italy,2021-09-01,22677.83,0.92
162,3,Italy,2021-09-01,25323.06,0.92
163,1,DACH,2021-10-01,25335.3,0.92
164,2,DACH,2021-10-01,24357.75,0.92
165,3,DACH,2021-10-01,19902.9,0.92
166,1,UK,2021-10-01,27353.02,0.92
167,2,UK,2021-10-01,22207.8,0.92
168,3,UK,2021-10-01,20865.19,0.92
169,1,Iberia,2021-10-01,19407.75,0.92
170,2,Iberia,2021-10-01,24908.93,0.92
171,3,Iberia,2021-10-01,25775.64,0.92
172,1,Nordics,2021-10-01,19165.88,0.92
173,2,Nordics,2021-10-01,24120.93,0.92
174,3,Nordics,2021-10-01,21264.96,0.92
175,1,France,2021-10-01,25451.73,0.92
176,2,France,2021-10-01,20743.66,0.92
177,3,France,2021-10-01,25909.38,0.92
178,1,Italy,2021-10-01,22867.35,0.92
179,2,Italy,2021-10-01,28367.3,0.92
180,3,Italy,2021-10-01,20375.21,0.92
181,1,DACH,2021-11-01,22410.66,0.92
182,2,DACH,2021-11-01,20134.74,0.92
183,3,DACH,2021-11-01,28246.94,0.92
184,1,UK,2021-11-01,27773.39,0.92
185,2,UK,2021-11-01,21579.42,0.92
186,3,UK,2021-11-01,25599.84,0.92
187,1,Iberia,2021-11-01,27172.22,0.92
188,2,Iberia,2021-11-01,24552.01,0.92
189,3,Iberia,2021-11-01,24296.51,0.92
190,1,Nordics,2021-11-01,21418.52,0.92
191,2,Nordics,2021-11-01,19931.03,0.92
192,3,Nordics,2021-11-01,27972.16,0.92
193,1,France,2021-11-01,28004.18,0.92
194,2,France,2021-11-01,25331.01,0.92
195,3,France,2021-11-01,22390.3,0.92
196,1,Italy,2021-11-01,22492.1,0.92
197,2,Italy,2021-11-01,26259.56,0.92
198,3,Italy,2021-11-01,27971.1,0.92
199,1,DACH,2021-12-01,27870.86,0.92
200,2,DACH,2021-12-01,26798.76,0.92
201,3,DACH,2021-12-01,25420.32,0.92
202,1,UK,2021-12-01,19841.4,0.92
203,2,UK,2021-12-01,20616.29,0.92
204,3,UK,2021-12-01,27985.54,0.92
205,1,Iberia,2021-12-01,25064.29,0.92
206,2,Iberia,2021-12-01,19091.97,0.92
207,3,Iberia,2021-12-01,20014.72,0.92
208,1,Nordics,2021-12-01,25635.02,0.92
209,2,Nordics,2021-12-01,19050.62,0.92
210,3,Nordics,2021-12-01,20608.08,0.92
211,1,France,2021-12-01,24487.34,0.92
212,2,France,2021-12-01,25918.95,0.92
213,3,France,2021-12-01,25519.61,0.92
214,1,Italy,2021-12-01,21242.69,0.92
215,2,Italy,2021-12-01,26121.79,0.92
216,3,Italy,2021-12-01,21372.49,0.92
217,1,DACH,2022-01-01,23454.0,0.92
218,2,DACH,2022-01-01,27664.91,0.92
219,3,DACH,2022-01-01,26696.33,0.92
220,1,UK,2022-01-01,28692.23,0.92
221,2,UK,2022-01-01,26776.13,0.92
222,3,UK,2022-01-01,25883.09,0.92
223,1,Iberia,2022-01-01,21136.75,0.92
224,2,Iberia,2022-01-01,23877.16,0.92
225,3,Iberia,2022-01-01,22852.02,0.92
226,1,Nordics,2022-01-01,22639.9,0.92
227,2,Nordics,2022-01-01,29930.11,0.92
228,3,Nordics,2022-01-01,24130.98,0.92
229,1,France,2022-01-01,29120.47,0.92
230,2,France,2022-01-01,26511.39,0.92
231,3,France,2022-01-01,28148.11,0.92
232,1,Italy,2022-01-01,25226.37,0.92
233,2,Italy,2022-01-01,25969.04,0.92
234,3,Italy,2022-01-01,25125.18,0.92
235,1,DACH,2022-02-01,22152.43,0.92
236,2,DACH,2022-02-01,27424.52,0.92
237,3,DACH,2022-02-01,23007.72,0.92
238,1,UK,2022-02-01,20443.16,0.92
239,2,UK,2022-02-01,26654.72,0.92
240,3,UK,2022-02-01,21971.11,0.92
241,1,Iberia,2022-02-01,29604.59,0.92
242,2,Iberia,2022-02-01,29739.29,0.92
243,3,Iberia,2022-02-01,29348.64,0.92
244,1,Nordics,2022-02-01,23901.59,0.92
245,2,Nordics,2022-02-01,20354.57,0.92
246,3,Nordics,2022-02-01,29483.19,0.92
247,1,France,2022-02-01,24481.84,0.92
248,2,France,2022-02-01,29866.55,0.92
249,3,France,2022-02-01,29836.2,0.92
250,1,Italy,2022-02-01,28730.09,0.92
251,2,Italy,2022-02-01,23144.49,0.92
252,3,Italy,2022-02-01,24050.98,0.92
253,1,DACH,2022-03-01,28711.37,0.92
254,2,DACH,2022-03-01,23369.22,0.92
255,3,DACH,2022-03-01,21894.93,0.92
256,1,UK,2022-03-01,25768.01,0.92
257,2,UK,2022-03-01,29561.55,0.92
258,3,UK,2022-03-01,27160.3,0.92
259,1,Iberia,2022-03-01,25900.61,0.92
260,2,Iberia,2022-03-01,21171.76,0.92
261,3,Iberia,2022-03-01,26350.07,0.92
262,1,Nordics,2022-03-01,30100.54,0.92
263,2,Nordics,2022-03-01,21600.84,0.92
264,3,Nordics,2022-03-01,25383.3,0.92
265,1,France,2022-03-01,28973.73,0.92
266,2,France,2022-03-01,27607.69,0.92
267,3,France,2022-03-01,27170.16,0.92
268,1,Italy,2022-03-01,27224.84,0.92
269,2,Italy,2022-03-01,23794.91,0.92
270,3,Italy,2022-03-01,23135.92,0.92
271,1,DACH,2022-04-01,28293.61,0.92
272,2,DACH,2022-04-01,28301.13,0.92
273,3,DACH,2022-04-01,28870.72,0.92
274,1,UK,2022-04-01,29332.41,0.92
275,2,UK,2022-04-01,25313.42,0.92
276,3,UK,2022-04-01,25215.16,0.92
277,1,Iberia,2022-04-01,28182.95,0.92
278,2,Iberia,2022-04-01,26699.64,0.92
279,3,Iberia,2022-04-01,27219.67,0.92
280,1,Nordics,2022-04-01,28157.93,0.92
281,2,Nordics,2022-04-01,29100.05,0.92
282,3,Nordics,2022-04-01,23579.95,0.92
283,1,France,2022-04-01,23955.83,0.92
284,2,France,2022-04-01,21139.82,0.92
285,3,France,2022-04-01,25982.8,0.92
286,1,Italy,2022-04-01,20559.42,0.92
287,2,Italy,2022-04-01,24855.98,0.92
288,3,Italy,2022-04-01,25626.45,0.92
289,1,DACH,2022-05-01,23065.41,0.92
290,2,DACH,2022-05-01,26108.33,0.92
291,3,DACH,2022-05-01,20505.0,0.92
292,1,UK,2022-05-01,20573.48,0.92
293,2,UK,2022-05-01,28426.01,0.92
294,3,UK,2022-05-01,23801.91,0.92
295,1,Iberia,2022-05-01,21470.61,0.92
296,2,Iberia,2022-05-01,25422.43,0.92
297,3,Iberia,2022-05-01,27899.94,0.92
298,1,Nordics,2022-05-01,22358.21,0.92
299,2,Nordics,2022-05-01,26428.9,0.92
300,3,Nordics,2022-05-01,21053.47,0.92
301,1,France,2022-05-01,20716.82,0.92
302,2,France,2022-05-01,25513.55,0.92
303,3,France,2022-05-01,25606.35,0.92
304,1,Italy,2022-05-01,26574.3,0.92
305,2,Italy,2022-05-01,27460.91,0.92
306,3,Italy,2022-05-01,29958.52,0.92
307,1,DACH,2022-06-01,25363.0,0.92
308,2,DACH,2022-06-01,23429.56,0.92
309,3,DACH,2022-06-01,28151.86,0.92
310,1,UK,2022-06-01,22908.32,0.92
311,2,UK,2022-06-01,24589.71,0.92
312,3,UK,2022-06-01,20984.56,0.92
313,1,Iberia,2022-06-01,20453.51,0.92
314,2,Iberia,2022-06-01,29826.48,0.92
315,3,Iberia,2022-06-01,28559.8,0.92
316,1,Nordics,2022-06-01,27159.74,0.92
317,2,Nordics,2022-06-01,24289.53,0.92
318,3,Nordics,2022-06-01,21932.94,0.92
319,1,France,2022-06-01,21764.37,0.92
320,2,France,2022-06-01,22702.43,0.92
321,3,France,2022-06-01,25692.27,0.92
322,1,Italy,2022-06-01,27345.96,0.92
323,2,Italy,2022-06-01,26801.97,0.92
324,3,Italy,2022-06-01,22999.34,0.92
325,1,DACH,2022-07-01,29748.65,0.92
326,2,DACH,2022-07-01,27578.97,0.92
327,3,DACH,2022-07-01,25743.54,0.92
328,1,UK,2022-07-01,26317.21,0.92
329,2,UK,2022-07-01,24396.0,0.92
330,3,UK,2022-07-01,22677.31,0.92
331,1,Iberia,2022-07-01,23759.73,0.92
332,2,Iberia,2022-07-01,27778.46,0.92
333,3,Iberia,2022-07-01,20343.93,0.92
334,1,Nordics,2022-07-01,21360.73,0.92
335,2,Nordics,2022-07-01,20660.03,0.92
336,3,Nordics,2022-07-01,20607.29,0.92
337,1,France,2022-07-01,28754.61,0.92
338,2,France,2022-07-01,27236.58,0.92
339,3,France,2022-07-01,24941.74,0.92
340,1,Italy,2022-07-01,21178.34,0.92
341,2,Italy,2022-07-01,25116.16,0.92
342,3,Italy,2022-07-01,24934.72,0.92
343,1,DACH,2022-08-01,21932.02,0.92
344,2,DACH,2022-08-01,24538.52,0.92
345,3,DACH,2022-08-01,24185.05,0.92
346,1,UK,2022-08-01,26358.5,0.92
347,2,UK,2022-08-01,26550.94,0.92
348,3,UK,2022-08-01,20653.04,0.92
349,1,Iberia,2022-08-01,23946.13,0.92
350,2,Iberia,2022-08-01,26458.6,0.92
351,3,Iberia,2022-08-01,25231.36,0.92
352,1,Nordics,2022-08-01,28764.9,0.92
353,2,Nordics,2022-08-01,26786.94,0.92
354,3,Nordics,2022-08-01,21829.34,0.92
355,1,France,2022-08-01,20905.69,0.92
356,2,France,2022-08-01,26624.19,0.92
357,3,France,2022-08-01,20465.11,0.92
358,1,Italy,2022-08-01,26057.76,0.92
359,2,Italy,2022-08-01,29602.3,0.92
360,3,Italy,2022-08-01,25954.74,0.92
361,1,DACH,2022-09-01,24081.7,0.92
362,2,DACH,2022-09-01,26632.88,0.92
363,3,DACH,2022-09-01,24782.53,0.92
364,1,UK,2022-09-01,25656.17,0.92
365,2,UK,2022-09-01,29614.65,0.92
366,3,UK,2022-09-01,24061.03,0.92
367,1,Iberia,2022-09-01,29811.91,0.92
368,2,Iberia,2022-09-01,29253.51,0.92
369,3,Iberia,2022-09-01,22157.91,0.92
370,1,Nordics,2022-09-01,20893.61,0.92
371,2,Nordics,2022-09-01,21207.78,0.92
372,3,Nordics,2022-09-01,20382.22,0.92
373,1,France,2022-09-01,21144.43,0.92
374,2,France,2022-09-01,27030.07,0.92
375,3,France,2022-09-01,20911.89,0.92
376,1,Italy,2022-09-01,23389.76,0.92
377,2,Italy,2022-09-01,28648.75,0.92
378,3,Italy,2022-09-01,20432.72,0.92
379,1,DACH,2022-10-01,28344.68,0.92
380,2,DACH,2022-10-01,23018.55,0.92
381,3,DACH,2022-10-01,21381.65,0.92
382,1,UK,2022-10-01,27167.37,0.92
383,2,UK,2022-10-01,26489.43,0.92
384,3,UK,2022-10-01,28974.72,0.92
385,1,Iberia,2022-10-01,27550.71,0.92
386,2,Iberia,2022-10-01,28234.81,0.92
387,3,Iberia,2022-10-01,23020.35,0.92
388,1,Nordics,2022-10-01,21974.4,0.92
389,2,Nordics,2022-10-01,27706.15,0.92
390,3,Nordics,2022-10-01,28268.35,0.92
391,1,France,2022-10-01,30105.05,0.92
392,2,France,2022-10-01,24326.18,0.92
393,3,France,2022-10-01,23920.18,0.92
394,1,Italy,2022-10-01,27964.13,0.92
395,2,Italy,2022-10-01,23608.04,0.92
396,3,Italy,2022-10-01,29507.57,0.92
397,1,DACH,2022-11-01,28784.13,0.92
398,2,DACH,2022-11-01,24489.94,0.92
399,3,DACH,2022-11-01,27708.71,0.92
400,1,UK,2022-11-01,27745.43,0.92
401,2,UK,2022-11-01,21231.24,0.92
402,3,UK,2022-11-01,29225.53,0.92
403,1,Iberia,2022-11-01,25252.52,0.92
404,2,Iberia,2022-11-01,28464.57,0.92
405,3,Iberia,2022-11-01,23400.5,0.92
406,1,Nordics,2022-11-01,29155.23,0.92
407,2,Nordics,2022-11-01,24092.02,0.92
408,3,Nordics,2022-11-01,20308.38,0.92
409,1,France,2022-11-01,29253.82,0.92
410,2,France,2022-11-01,21112.87,0.92
411,3,France,2022-11-01,23393.14,0.92
412,1,Italy,2022-11-01,29700.62,0.92
413,2,Italy,2022-11-01,29706.07,0.92
414,3,Italy,2022-11-01,25934.38,0.92
415,1,DACH,2022-12-01,26518.37,0.92
416,2,DACH,2022-12-01,24684.46,0.92
417,3,DACH,2022-12-01,23132.11,0.92
418,1,UK,2022-12-01,23486.65,0.92
419,2,UK,2022-12-01,26925.18,0.92
420,3,UK,2022-12-01,27723.75,0.92
421,1,Iberia,2022-12-01,28115.79,0.92
422,2,Iberia,2022-12-01,28096.18,0.92
423,3,Iberia,2022-12-01,21112.06,0.92
424,1,Nordics,2022-12-01,25144.2,0.92
425,2,Nordics,2022-12-01,20775.59,0.92
426,3,Nordics,2022-12-01,25695.29,0.92
427,1,France,2022-12-01,24615.31,0.92
428,2,France,2022-12-01,29077.04,0.92
429,3,France,2022-12-01,23709.15,0.92
430,1,Italy,2022-12-01,21370.67,0.92
431,2,Italy,2022-12-01,21629.92,0.92
432,3,Italy,2022-12-01,27815.11,0.92
433,1,DACH,2023-01-01,27582.18,0.92
434,2,DACH,2023-01-01,22411.23,0.92
435,3,DACH,2023-01-01,22241.07,0.92
436,1,UK,2023-01-01,28409.69,0.92
437,2,UK,2023-01-01,22127.63,0.92
438,3,UK,2023-01-01,29618.6,0.92
439,1,Iberia,2023-01-01,28462.42,0.92
440,2,Iberia,2023-01-01,22213.49,0.92
441,3,Iberia,2023-01-01,22248.38,0.92
442,1,Nordics,2023-01-01,31266.4,0.92
443,2,Nordics,2023-01-01,25142.71,0.92
444,3,Nordics,2023-01-01,25106.42,0.92
445,1,France,2023-01-01,29528.0,0.92
446,2,France,2023-01-01,30872.49,0.92
447,3,France,2023-01-01,31260.01,0.92
448,1,Italy,2023-01-01,28933.78,0.92
449,2,Italy,2023-01-01,25162.6,0.92
450,3,Italy,2023-01-01,22235.01,0.92
451,1,DACH,2023-02-01,29171.47,0.92
452,2,DACH,2023-02-01,26984.04,0.92
453,3,DACH,2023-02-01,25642.22,0.92
454,1,UK,2023-02-01,30463.54,0.92
455,2,UK,2023-02-01,22511.97,0.92
456,3,UK,2023-02-01,26326.25,0.92
457,1,Iberia,2023-02-01,21513.54,0.92
458,2,Iberia,2023-02-01,26086.61,0.92
459,3,Iberia,2023-02-01,21963.03,0.92
460,1,Nordics,2023-02-01,22588.18,0.92
461,2,Nordics,2023-02-01,22575.26,0.92
462,3,Nordics,2023-02-01,27892.1,0.92
463,1,France,2023-02-01,28860.45,0.92
464,2,France,2023-02-01,27233.69,0.92
465,3,France,2023-02-01,31021.73,0.92
466,1,Italy,2023-02-01,25148.71,0.92
467,2,Italy,2023-02-01,24257.12,0.92
468,3,Italy,2023-02-01,30085.99,0.92
469,1,DACH,2023-03-01,23635.96,0.92
470,2,DACH,2023-03-01,31032.23,0.92
471,3,DACH,2023-03-01,21521.54,0.92
472,1,UK,2023-03-01,31098.79,0.92
473,2,UK,2023-03-01,21831.6,0.92
474,3,UK,2023-03-01,30311.43,0.92
475,1,Iberia,2023-03-01,26677.01,0.92
476,2,Iberia,2023-03-01,31329.65,0.92
477,3,Iberia,2023-03-01,22137.97,0.92
478,1,Nordics,2023-03-01,26938.54,0.92
479,2,Nordics,2023-03-01,31093.03,0.92
480,3,Nordics,2023-03-01,26630.98,0.92
481,1,France,2023-03-01,27693.99,0.92
482,2,France,2023-03-01,28357.49,0.92
483,3,France,2023-03-01,25945.41,0.92
484,1,Italy,2023-03-01,27675.58,0.92
485,2,Italy,2023-03-01,27243.14,0.92
486,3,Italy,2023-03-01,30411.58,0.92
487,1,DACH,2023-04-01,21854.46,0.92
488,2,DACH,2023-04-01,24209.63,0.92
489,3,DACH,2023-04-01,30904.11,0.92
490,1,UK,2023-04-01,30302.64,0.92
491,2,UK,2023-04-01,25956.57,0.92
492,3,UK,2023-04-01,27601.33,0.92
493,1,Iberia,2023-04-01,24173.81,0.92
494,2,Iberia,2023-04-01,23281.21,0.92
495,3,Iberia,2023-04-01,26036.98,0.92
496,1,Nordics,2023-04-01,24933.52,0.92
497,2,Nordics,2023-04-01,27236.56,0.92
498,3,Nordics,2023-04-01,22177.35,0.92
499,1,France,2023-04-01,31143.95,0.92
500,2,France,2023-04-01,31262.11,0.92
501,3,France,2023-04-01,28381.62,0.92
502,1,Italy,2023-04-01,26760.96,0.92
503,2,Italy,2023-04-01,24495.28,0.92
504,3,Italy,2023-04-01,29537.95,0.92
505,1,DACH,2023-05-01,28247.31,0.92
506,2,DACH,2023-05-01,23026.17,0.92
507,3,DACH,2023-05-01,30509.27,0.92
508,1,UK,2023-05-01,29625.37,0.92
509,2,UK,2023-05-01,30898.0,0.92
510,3,UK,2023-05-01,28657.2,0.92
511,1,Iberia,2023-05-01,27534.15,0.92
512,2,Iberia,2023-05-01,25582.43,0.92
513,3,Iberia,2023-05-01,30727.28,0.92
514,1,Nordics,2023-05-01,30060.64,0.92
515,2,Nordics,2023-05-01,21852.19,0.92
516,3,Nordics,2023-05-01,21663.67,0.92
517,1,France,2023-05-01,25164.63,0.92
518,2,France,2023-05-01,29505.53,0.92
519,3,France,2023-05-01,31272.76,0.92
520,1,Italy,2023-05-01,22904.17,0.92
521,2,Italy,2023-05-01,27341.31,0.92
522,3,Italy,2023-05-01,25208.91,0.92
523,1,DACH,2023-06-01,31099.14,0.92
524,2,DACH,2023-06-01,29821.19,0.92
525,3,DACH,2023-06-01,29783.29,0.92
526,1,UK,2023-06-01,26086.93,0.92
527,2,UK,2023-06-01,25548.2,0.92
528,3,UK,2023-06-01,24134.07,0.92
529,1,Iberia,2023-06-01,21963.75,0.92
530,2,Iberia,2023-06-01,30047.22,0.92
531,3,Iberia,2023-06-01,29529.01,0.92
532,1,Nordics,2023-06-01,31397.18,0.92
533,2,Nordics,2023-06-01,31366.37,0.92
534,3,Nordics,2023-06-01,26954.32,0.92
535,1,France,2023-06-01,29089.87,0.92
536,2,France,2023-06-01,30847.66,0.92
537,3,France,2023-06-01,29896.47,0.92
538,1,Italy,2023-06-01,23873.48,0.92
539,2,Italy,2023-06-01,25905.44,0.92
540,3,Italy,2023-06-01,22691.59,0.92
541,1,DACH,2023-07-01,30940.51,0.92
542,2,DACH,2023-07-01,27461.75,0.92
543,3,DACH,2023-07-01,23686.43,0.92
544,1,UK,2023-07-01,28117.01,0.92
545,2,UK,2023-07-01,27581.28,0.92
546,3,UK,2023-07-01,24981.63,0.92
547,1,Iberia,2023-07-01,22535.58,0.92
548,2,Iberia,2023-07-01,28115.73,0.92
549,3,Iberia,2023-07-01,26603.08,0.92
550,1,Nordics,2023-07-01,29123.18,0.92
551,2,Nordics,2023-07-01,26601.64,0.92
552,3,Nordics,2023-07-01,29921.82,0.92
553,1,France,2023-07-01,26919.07,0.92
554,2,France,2023-07-01,27009.38,0.92
555,3,France,2023-07-01,30166.54,0.92
556,1,Italy,2023-07-01,25434.83,0.92
557,2,Italy,2023-07-01,22740.15,0.92
558,3,Italy,2023-07-01,21687.83,0.92
559,1,DACH,2023-08-01,28951.37,0.92
560,2,DACH,2023-08-01,27603.1,0.92
561,3,DACH,2023-08-01,28440.8,0.92
562,1,UK,2023-08-01,23529.64,0.92
563,2,UK,2023-08-01,22763.71,0.92
564,3,UK,2023-08-01,21545.45,0.92
565,1,Iberia,2023-08-01,24905.88,0.92
566,2,Iberia,2023-08-01,27299.18,0.92
567,3,Iberia,2023-08-01,25322.44,0.92
568,1,Nordics,2023-08-01,25774.75,0.92
569,2,Nordics,2023-08-01,30441.59,0.92
570,3,Nordics,2023-08-01,24882.55,0.92
571,1,France,2023-08-01,26539.89,0.92
572,2,France,2023-08-01,29236.53,0.92
573,3,France,2023-08-01,25365.43,0.92
574,1,Italy,2023-08-01,27620.87,0.92
575,2,Italy,2023-08-01,30023.64,0.92
576,3,Italy,2023-08-01,30895.21,0.92
577,1,DACH,2023-09-01,22870.73,0.92
578,2,DACH,2023-09-01,30665.88,0.92
579,3,DACH,2023-09-01,26321.16,0.92
580,1,UK,2023-09-01,23982.44,0.92
581,2,UK,2023-09-01,25991.36,0.92
582,3,UK,2023-09-01,31200.33,0.92
583,1,Iberia,2023-09-01,26326.18,0.92
584,2,Iberia,2023-09-01,24687.52,0.92
585,3,Iberia,2023-09-01,27734.01,0.92
586,1,Nordics,2023-09-01,23801.46,0.92
587,2,Nordics,2023-09-01,22158.63,0.92
588,3,Nordics,2023-09-01,22688.8,0.92
589,1,France,2023-09-01,22680.46,0.92
590,2,France,2023-09-01,22919.03,0.92
591,3,France,2023-09-01,22788.27,0.92
592,1,Italy,2023-09-01,27808.75,0.92
593,2,Italy,2023-09-01,23218.8,0.92
594,3,Italy,2023-09-01,24856.67,0.92
595,1,DACH,2023-10-01,30367.88,0.92
596,2,DACH,2023-10-01,26139.62,0.92
597,3,DACH,2023-10-01,28075.58,0.92
598,1,UK,2023-10-01,23123.2,0.92
599,2,UK,2023-10-01,23322.89,0.92
600,3,UK,2023-10-01,21808.69,0.92
601,1,Iberia,2023-10-01,23089.35,0.92
602,2,Iberia,2023-10-01,24185.9,0.92
603,3,Iberia,2023-10-01,23170.1,0.92
604,1,Nordics,2023-10-01,22287.03,0.92
605,2,Nordics,2023-10-01,22606.36,0.92
606,3,Nordics,2023-10-01,26007.79,0.92
607,1,France,2023-10-01,23463.34,0.92
608,2,France,2023-10-01,25042.7,0.92
609,3,France,2023-10-01,26434.17,0.92
610,1,Italy,2023-10-01,28303.95,0.92
611,2,Italy,2023-10-01,21793.12,0.92
612,3,Italy,2023-10-01,29394.1,0.92
613,1,DACH,2023-11-01,27679.0,0.92
614,2,DACH,2023-11-01,22217.59,0.92
615,3,DACH,2023-11-01,30135.79,0.92
616,1,UK,2023-11-01,30608.72,0.92
617,2,UK,2023-11-01,22010.78,0.92
618,3,UK,2023-11-01,24168.78,0.92
619,1,Iberia,2023-11-01,29462.01,0.92
620,2,Iberia,2023-11-01,28882.6,0.92
621,3,Iberia,2023-11-01,23245.21,0.92
622,1,Nordics,2023-11-01,23493.49,0.92
623,2,Nordics,2023-11-01,25104.72,0.92
624,3,Nordics,2023-11-01,26245.23,0.92
625,1,France,2023-11-01,27582.55,0.92
626,2,France,2023-11-01,25089.14,0.92
627,3,France,2023-11-01,26025.35,0.92
628,1,Italy,2023-11-01,28874.71,0.92
629,2,Italy,2023-11-01,21766.83,0.92
630,3,Italy,2023-11-01,23924.37,0.92
631,1,DACH,2023-12-01,28533.5,0.92
632,2,DACH,2023-12-01,30352.07,0.92
633,3,DACH,2023-12-01,26516.77,0.92
634,1,UK,2023-12-01,26721.13,0.92
635,2,UK,2023-12-01,22471.72,0.92
636,3,UK,2023-12-01,25874.12,0.92
637,1,Iberia,2023-12-01,26726.17,0.92
638,2,Iberia,2023-12-01,23824.71,0.92
639,3,Iberia,2023-12-01,24092.43,0.92
640,1,Nordics,2023-12-01,25172.84,0.92
641,2,Nordics,2023-12-01,21600.71,0.92
642,3,Nordics,2023-12-01,24620.79,0.92
643,1,France,2023-12-01,23514.48,0.92
644,2,France,2023-12-01,24674.97,0.92
645,3,France,2023-12-01,22597.62,0.92
646,1,Italy,2023-12-01,30305.27,0.92
647,2,Italy,2023-12-01,27335.92,0.92
648,3,Italy,2023-12-01,28191.02,0.92
649,1,DACH,2024-01-01,30491.71,0.92
650,2,DACH,2024-01-01,27584.42,0.92
651,3,DACH,2024-01-01,23469.2,0.92
652,1,UK,2024-01-01,27971.07,0.92
653,2,UK,2024-01-01,28468.41,0.92
654,3,UK,2024-01-01,30054.39,0.92
655,1,Iberia,2024-01-01,26916.6,0.92
656,2,Iberia,2024-01-01,23875.8,0.92
657,3,Iberia,2024-01-01,25437.76,0.92
658,1,Nordics,2024-01-01,26230.82,0.92
659,2,Nordics,2024-01-01,29059.17,0.92
660,3,Nordics,2024-01-01,28307.78,0.92
661,1,France,2024-01-01,26160.97,0.92
662,2,France,2024-01-01,32465.15,0.92
663,3,France,2024-01-01,28657.75,0.92
664,1,Italy,2024-01-01,24972.27,0.92
665,2,Italy,2024-01-01,23617.82,0.92
666,3,Italy,2024-01-01,24128.59,0.92
667,1,DACH,2024-02-01,25059.58,0.92
668,2,DACH,2024-02-01,24206.81,0.92
669,3,DACH,2024-02-01,24465.67,0.92
670,1,UK,2024-02-01,25450.95,0.92
671,2,UK,2024-02-01,24333.74,0.92
672,3,UK,2024-02-01,31567.65,0.92
673,1,Iberia,2024-02-01,23402.34,0.92
674,2,Iberia,2024-02-01,27845.11,0.92
675,3,Iberia,2024-02-01,26703.97,0.92
676,1,Nordics,2024-02-01,32423.79,0.92
677,2,Nordics,2024-02-01,23720.39,0.92
678,3,Nordics,2024-02-01,26578.56,0.92
679,1,France,2024-02-01,32294.7,0.92
680,2,France,2024-02-01,31255.07,0.92
681,3,France,2024-02-01,30770.72,0.92
682,1,Italy,2024-02-01,25179.03,0.92
683,2,Italy,2024-02-01,24308.88,0.92
684,3,Italy,2024-02-01,29286.43,0.92
685,1,DACH,2024-03-01,31893.76,0.92
686,2,DACH,2024-03-01,28167.63,0.92
687,3,DACH,2024-03-01,28316.13,0.92
688,1,UK,2024-03-01,25399.79,0.92
689,2,UK,2024-03-01,30294.93,0.92
690,3,UK,2024-03-01,24470.44,0.92
691,1,Iberia,2024-03-01,25836.79,0.92
692,2,Iberia,2024-03-01,26854.36,0.92
693,3,Iberia,2024-03-01,27676.1,0.92
694,1,Nordics,2024-03-01,25024.1,0.92
695,2,Nordics,2024-03-01,23748.37,0.92
696,3,Nordics,2024-03-01,28706.2,0.92
697,1,France,2024-03-01,25486.31,0.92
698,2,France,2024-03-01,28412.38,0.92
699,3,France,2024-03-01,24143.63,0.92
700,1,Italy,2024-03-01,27411.4,0.92
701,2,Italy,2024-03-01,27925.89,0.92
702,3,Italy,2024-03-01,23118.24,0.92
703,1,DACH,2024-04-01,25966.04,0.92
704,2,DACH,2024-04-01,23944.15,0.92
705,3,DACH,2024-04-01,23233.75,0.92
706,1,UK,2024-04-01,32499.6,0.92
707,2,UK,2024-04-01,25823.54,0.92
708,3,UK,2024-04-01,30698.74,0.92
709,1,Iberia,2024-04-01,25146.41,0.92
710,2,Iberia,2024-04-01,29415.03,0.92
711,3,Iberia,2024-04-01,30202.28,0.92
712,1,Nordics,2024-04-01,28556.39,0.92
713,2,Nordics,2024-04-01,27315.76,0.92
714,3,Nordics,2024-04-01,26718.41,0.92
715,1,France,2024-04-01,26088.68,0.92
716,2,France,2024-04-01,31895.29,0.92
717,3,France,2024-04-01,30906.19,0.92
718,1,Italy,2024-04-01,32250.27,0.92
719,2,Italy,2024-04-01,23842.97,0.92
720,3,Italy,2024-04-01,29908.67,0.92
721,1,DACH,2024-05-01,31983.4,0.92
722,2,DACH,2024-05-01,24412.33,0.92
723,3,DACH,2024-05-01,23264.96,0.92
724,1,UK,2024-05-01,30011.21,0.92
725,2,UK,2024-05-01,28344.73,0.92
726,3,UK,2024-05-01,31018.29,0.92
727,1,Iberia,2024-05-01,23997.72,0.92
728,2,Iberia,2024-05-01,30552.67,0.92
729,3,Iberia,2024-05-01,24616.27,0.92
730,1,Nordics,2024-05-01,24236.56,0.92
731,2,Nordics,2024-05-01,24242.66,0.92
732,3,Nordics,2024-05-01,30745.75,0.92
733,1,France,2024-05-01,29251.97,0.92
734,2,France,2024-05-01,27830.65,0.92
735,3,France,2024-05-01,26188.3,0.92
736,1,Italy,2024-05-01,31372.01,0.92
737,2,Italy,2024-05-01,26524.45,0.92
738,3,Italy,2024-05-01,30765.99,0.92
739,1,DACH,2024-06-01,26991.35,0.92
740,2,DACH,2024-06-01,26369.44,0.92
741,3,DACH,2024-06-01,27226.8,0.92
742,1,UK,2024-06-01,25613.78,0.92
743,2,UK,2024-06-01,30076.09,0.92
744,3,UK,2024-06-01,27627.2,0.92
745,1,Iberia,2024-06-01,24922.13,0.92
746,2,Iberia,2024-06-01,31595.75,0.92
747,3,Iberia,2024-06-01,26438.91,0.92
748,1,Nordics,2024-06-01,28035.53,0.92
749,2,Nordics,2024-06-01,31664.72,0.92
750,3,Nordics,2024-06-01,28842.38,0.92
751,1,France,2024-06-01,23768.98,0.92
752,2,France,2024-06-01,31998.32,0.92
753,3,France,2024-06-01,28877.08,0.92
754,1,Italy,2024-06-01,25949.06,0.92
755,2,Italy,2024-06-01,23992.72,0.92
756,3,Italy,2024-06-01,30540.25,0.92
757,1,DACH,2024-07-01,28800.73,0.92
758,2,DACH,2024-07-01,27934.61,0.92
759,3,DACH,2024-07-01,31538.93,0.92
760,1,UK,2024-07-01,30485.97,0.92
761,2,UK,2024-07-01,24116.75,0.92
762,3,UK,2024-07-01,25717.22,0.92
763,1,Iberia,2024-07-01,25084.89,0.92
764,2,Iberia,2024-07-01,30039.46,0.92
765,3,Iberia,2024-07-01,22935.32,0.92
766,1,Nordics,2024-07-01,28298.9,0.92
767,2,Nordics,2024-07-01,30224.59,0.92
768,3,Nordics,2024-07-01,31367.66,0.92
769,1,France,2024-07-01,26020.82,0.92
770,2,France,2024-07-01,30812.57,0.92
771,3,France,2024-07-01,23706.32,0.92
772,1,Italy,2024-07-01,31064.52,0.92
773,2,Italy,2024-07-01,23874.89,0.92
774,3,Italy,2024-07-01,26572.87,0.92
775,1,DACH,2024-08-01,30572.95,0.92
776,2,DACH,2024-08-01,24099.17,0.92
777,3,DACH,2024-08-01,24892.51,0.92
778,1,UK,2024-08-01,29822.53,0.92
779,2,UK,2024-08-01,29800.37,0.92
780,3,UK,2024-08-01,29011.48,0.92
781,1,Iberia,2024-08-01,29539.48,0.92
782,2,Iberia,2024-08-01,28027.24,0.92
783,3,Iberia,2024-08-01,25117.99,0.92
784,1,Nordics,2024-08-01,26056.96,0.92
785,2,Nordics,2024-08-01,24415.98,0.92
786,3,Nordics,2024-08-01,31684.51,0.92
787,1,France,2024-08-01,28433.92,0.92
788,2,France,2024-08-01,26608.51,0.92
789,3,France,2024-08-01,27220.06,0.92
790,1,Italy,2024-08-01,32072.83,0.92
791,2,Italy,2024-08-01,24133.51,0.92
792,3,Italy,2024-08-01,28462.3,0.92
793,1,DACH,2024-09-01,27658.89,0.92
794,2,DACH,2024-09-01,28714.54,0.92
795,3,DACH,2024-09-01,22781.1,0.92
796,1,UK,2024-09-01,31321.24,0.92
797,2,UK,2024-09-01,31921.18,0.92
798,3,UK,2024-09-01,28251.33,0.92
799,1,Iberia,2024-09-01,29566.51,0.92
800,2,Iberia,2024-09-01,31824.99,0.92
801,3,Iberia,2024-09-01,29672.39,0.92
802,1,Nordics,2024-09-01,24125.39,0.92
803,2,Nordics,2024-09-01,28362.88,0.92
804,3,Nordics,2024-09-01,28667.15,0.92
805,1,France,2024-09-01,26841.31,0.92
806,2,France,2024-09-01,29964.44,0.92
807,3,France,2024-09-01,31943.67,0.92
808,1,Italy,2024-09-01,31855.69,0.92
809,2,Italy,2024-09-01,27108.39,0.92
810,3,Italy,2024-09-01,23732.38,0.92
811,1,DACH,2024-10-01,32448.41,0.92
812,2,DACH,2024-10-01,30988.98,0.92
813,3,DACH,2024-10-01,23846.63,0.92
814,1,UK,2024-10-01,31808.42,0.92
815,2,UK,2024-10-01,31298.96,0.92
816,3,UK,2024-10-01,27788.38,0.92
817,1,Iberia,2024-10-01,28512.75,0.92
818,2,Iberia,2024-10-01,26590.03,0.92
819,3,Iberia,2024-10-01,23147.62,0.92
820,1,Nordics,2024-10-01,25951.97,0.92
821,2,Nordics,2024-10-01,30628.53,0.92
822,3,Nordics,2024-10-01,22646.32,0.92
823,1,France,2024-10-01,25934.99,0.92
824,2,France,2024-10-01,26581.69,0.92
825,3,France,2024-10-01,27973.96,0.92
826,1,Italy,2024-10-01,31798.56,0.92
827,2,Italy,2024-10-01,26063.46,0.92
828,3,Italy,2024-10-01,26069.53,0.92
829,1,DACH,2024-11-01,29975.01,0.92
830,2,DACH,2024-11-01,27122.18,0.92
831,3,DACH,2024-11-01,24846.05,0.92
832,1,UK,2024-11-01,27124.4,0.92
833,2,UK,2024-11-01,24008.57,0.92
834,3,UK,2024-11-01,24363.87,0.92
835,1,Iberia,2024-11-01,27583.68,0.92
836,2,Iberia,2024-11-01,26789.25,0.92
837,3,Iberia,2024-11-01,31748.46,0.92
838,1,Nordics,2024-11-01,26223.94,0.92
839,2,Nordics,2024-11-01,28405.88,0.92
840,3,Nordics,2024-11-01,28922.64,0.92
841,1,France,2024-11-01,22730.94,0.92
842,2,France,2024-11-01,29235.37,0.92
843,3,France,2024-11-01,24380.36,0.92
844,1,Italy,2024-11-01,32210.7,0.92
845,2,Italy,2024-11-01,24086.63,0.92
846,3,Italy,2024-11-01,26746.24,0.92
847,1,DACH,2024-12-01,23453.5,0.92
848,2,DACH,2024-12-01,32568.74,0.92
849,3,DACH,2024-12-01,27621.95,0.92
850,1,UK,2024-12-01,28553.85,0.92
851,2,UK,2024-12-01,23270.76,0.92
852,3,UK,2024-12-01,30099.6,0.92
853,1,Iberia,2024-12-01,24699.06,0.92
854,2,Iberia,2024-12-01,31580.54,0.92
855,3,Iberia,2024-12-01,24651.4,0.92
856,1,Nordics,2024-12-01,24506.88,0.92
857,2,Nordics,2024-12-01,22965.5,0.92
858,3,Nordics,2024-12-01,27320.67,0.92
859,1,France,2024-12-01,28248.41,0.92
860,2,France,2024-12-01,23257.09,0.92
861,3,France,2024-12-01,30355.28,0.92
862,1,Italy,2024-12-01,27132.89,0.92
863,2,Italy,2024-12-01,27843.9,0.92
864,3,Italy,2024-12-01,27007.63,0.92
865,1,DACH,2025-01-01,27807.63,0.92
866,2,DACH,2025-01-01,29396.4,0.92
867,3,DACH,2025-01-01,25352.4,0.92
868,1,UK,2025-01-01,25619.28,0.92
869,2,UK,2025-01-01,32417.86,0.92
870,3,UK,2025-01-01,33261.15,0.92
871,1,Iberia,2025-01-01,27533.09,0.92
872,2,Iberia,2025-01-01,26507.45,0.92
873,3,Iberia,2025-01-01,30240.0,0.92
874,1,Nordics,2025-01-01,27887.34,0.92
875,2,Nordics,2025-01-01,24053.86,0.92
876,3,Nordics,2025-01-01,25361.53,0.92
877,1,France,2025-01-01,30959.72,0.92
878,2,France,2025-01-01,30389.24,0.92
879,3,France,2025-01-01,24070.96,0.92
880,1,Italy,2025-01-01,26019.72,0.92
881,2,Italy,2025-01-01,26110.75,0.92
882,3,Italy,2025-01-01,30518.93,0.92
883,1,DACH,2025-02-01,23997.11,0.92
884,2,DACH,2025-02-01,24841.09,0.92
885,3,DACH,2025-02-01,31799.16,0.92
886,1,UK,2025-02-01,25585.45,0.92
887,2,UK,2025-02-01,30327.46,0.92
888,3,UK,2025-02-01,26181.83,0.92
889,1,Iberia,2025-02-01,24794.41,0.92
890,2,Iberia,2025-02-01,26231.72,0.92
891,3,Iberia,2025-02-01,31022.67,0.92
892,1,Nordics,2025-02-01,32356.96,0.92
893,2,Nordics,2025-02-01,32102.2,0.92
894,3,Nordics,2025-02-01,27771.84,0.92
895,1,France,2025-02-01,30480.85,0.92
896,2,France,2025-02-01,25849.84,0.92
897,3,France,2025-02-01,26731.48,0.92
898,1,Italy,2025-02-01,32763.36,0.92
899,2,Italy,2025-02-01,23930.02,0.92
900,3,Italy,2025-02-01,24655.09,0.92
901,1,DACH,2025-03-01,25878.86,0.92
902,2,DACH,2025-03-01,24065.32,0.92
903,3,DACH,2025-03-01,25614.35,0.92
904,1,UK,2025-03-01,29630.42,0.92
905,2,UK,2025-03-01,28014.25,0.92
906,3,UK,2025-03-01,32726.72,0.92
907,1,Iberia,2025-03-01,31974.44,0.92
908,2,Iberia,2025-03-01,27218.17,0.92
909,3,Iberia,2025-03-01,26394.23,0.92
910,1,Nordics,2025-03-01,27596.92,0.92
911,2,Nordics,2025-03-01,29702.95,0.92
912,3,Nordics,2025-03-01,26480.64,0.92
913,1,France,2025-03-01,30041.49,0.92
914,2,France,2025-03-01,27894.12,0.92
915,3,France,2025-03-01,29320.47,0.92
916,1,Italy,2025-03-01,28161.27,0.92
917,2,Italy,2025-03-01,26744.66,0.92
918,3,Italy,2025-03-01,33284.53,0.92
919,1,DACH,2025-04-01,31436.06,0.92
920,2,DACH,2025-04-01,25201.13,0.92
921,3,DACH,2025-04-01,32484.68,0.92
922,1,UK,2025-04-01,28674.31,0.92
923,2,UK,2025-04-01,32745.52,0.92
924,3,UK,2025-04-01,31798.55,0.92
925,1,Iberia,2025-04-01,28052.14,0.92
926,2,Iberia,2025-04-01,24024.69,0.92
927,3,Iberia,2025-04-01,26486.77,0.92
928,1,Nordics,2025-04-01,29216.34,0.92
929,2,Nordics,2025-04-01,30134.78,0.92
930,3,Nordics,2025-04-01,26378.88,0.92
931,1,France,2025-04-01,25193.56,0.92
932,2,France,2025-04-01,32149.3,0.92
933,3,France,2025-04-01,33644.02,0.92
934,1,Italy,2025-04-01,29056.9,0.92
935,2,Italy,2025-04-01,25516.79,0.92
936,3,Italy,2025-04-01,26523.07,0.92
937,1,DACH,2025-05-01,23983.91,0.92
938,2,DACH,2025-05-01,32942.99,0.92
939,3,DACH,2025-05-01,24977.51,0.92
940,1,UK,2025-05-01,29565.16,0.92
941,2,UK,2025-05-01,26540.55,0.92
942,3,UK,2025-05-01,29341.78,0.92
943,1,Iberia,2025-05-01,30314.2,0.92
944,2,Iberia,2025-05-01,32097.42,0.92
945,3,Iberia,2025-05-01,25864.21,0.92
946,1,Nordics,2025-05-01,23909.96,0.92
947,2,Nordics,2025-05-01,25168.86,0.92
948,3,Nordics,2025-05-01,32800.19,0.92
949,1,France,2025-05-01,32538.9,0.92
950,2,France,2025-05-01,29774.13,0.92
951,3,France,2025-05-01,29805.17,0.92
952,1,Italy,2025-05-01,30450.37,0.92
953,2,Italy,2025-05-01,25553.71,0.92
954,3,Italy,2025-05-01,32944.12,0.92
955,1,DACH,2025-06-01,27987.71,0.92
956,2,DACH,2025-06-01,27631.39,0.92
957,3,DACH,2025-06-01,28989.18,0.92
958,1,UK,2025-06-01,24269.66,0.92
959,2,UK,2025-06-01,25462.83,0.92
960,3,UK,2025-06-01,31180.34,0.92
961,1,Iberia,2025-06-01,24627.99,0.92
962,2,Iberia,2025-06-01,29831.52,0.92
963,3,Iberia,2025-06-01,26253.49,0.92
964,1,Nordics,2025-06-01,27692.96,0.92
965,2,Nordics,2025-06-01,26686.94,0.92
966,3,Nordics,2025-06-01,27356.73,0.92
967,1,France,2025-06-01,30990.46,0.92
968,2,France,2025-06-01,26771.22,0.92
969,3,France,2025-06-01,29464.05,0.92
970,1,Italy,2025-06-01,28560.5,0.92
971,2,Italy,2025-06-01,30436.71,0.92
972,3,Italy,2025-06-01,33168.3,0.92
973,1,DACH,2025-07-01,31125.72,0.92
974,2,DACH,2025-07-01,25949.4,0.92
975,3,DACH,2025-07-01,24111.83,0.92
976,1,UK,2025-07-01,26422.64,0.92
977,2,UK,2025-07-01,29750.78,0.92
978,3,UK,2025-07-01,24314.26,0.92
979,1,Iberia,2025-07-01,28763.66,0.92
980,2,Iberia,2025-07-01,29768.43,0.92
981,3,Iberia,2025-07-01,27142.44,0.92
982,1,Nordics,2025-07-01,31509.12,0.92
983,2,Nordics,2025-07-01,24865.98,0.92
984,3,Nordics,2025-07-01,24551.38,0.92
985,1,France,2025-07-01,31081.89,0.92
986,2,France,2025-07-01,28754.91,0.92
987,3,France,2025-07-01,30684.02,0.92
988,1,Italy,2025-07-01,28148.27,0.92
989,2,Italy,2025-07-01,26264.02,0.92
990,3,Italy,2025-07-01,31991.02,0.92
991,1,DACH,2025-08-01,31794.16,0.92
992,2,DACH,2025-08-01,30746.96,0.92
993,3,DACH,2025-08-01,26521.45,0.92
994,1,UK,2025-08-01,29702.31,0.92
995,2,UK,2025-08-01,27409.74,0.92
996,3,UK,2025-08-01,24715.82,0.92
997,1,Iberia,2025-08-01,32973.14,0.92
998,2,Iberia,2025-08-01,25168.19,0.92
999,3,Iberia,2025-08-01,33302.37,0.92
1000,1,Nordics,2025-08-01,28260.06,0.92
1001,2,Nordics,2025-08-01,25651.33,0.92
1002,3,Nordics,2025-08-01,29219.01,0.92
1003,1,France,2025-08-01,32529.46,0.92
1004,2,France,2025-08-01,31122.25,0.92
1005,3,France,2025-08-01,31865.61,0.92
1006,1,Italy,2025-08-01,30387.83,0.92
1007,2,Italy,2025-08-01,30722.77,0.92
1008,3,Italy,2025-08-01,32291.96,0.92
1009,1,DACH,2025-09-01,26296.68,0.92
1010,2,DACH,2025-09-01,28694.25,0.92
1011,3,DACH,2025-09-01,26012.09,0.92
1012,1,UK,2025-09-01,33676.68,0.92
1013,2,UK,2025-09-01,33240.59,0.92
1014,3,UK,2025-09-01,24194.27,0.92
1015,1,Iberia,2025-09-01,30855.75,0.92
1016,2,Iberia,2025-09-01,33052.48,0.92
1017,3,Iberia,2025-09-01,25605.75,0.92
1018,1,Nordics,2025-09-01,29479.45,0.92
1019,2,Nordics,2025-09-01,32954.88,0.92
1020,3,Nordics,2025-09-01,24139.46,0.92
1021,1,France,2025-09-01,30774.2,0.92
1022,2,France,2025-09-01,26773.49,0.92
1023,3,France,2025-09-01,33043.96,0.92
1024,1,Italy,2025-09-01,33510.58,0.92
1025,2,Italy,2025-09-01,33242.66,0.92
1026,3,Italy,2025-09-01,28542.14,0.92
1027,1,DACH,2025-10-01,32420.43,0.92
1028,2,DACH,2025-10-01,32245.49,0.92
1029,3,DACH,2025-10-01,26991.0,0.92
1030,1,UK,2025-10-01,32089.15,0.92
1031,2,UK,2025-10-01,24170.08,0.92
1032,3,UK,2025-10-01,29762.7,0.92
1033,1,Iberia,2025-10-01,26100.09,0.92
1034,2,Iberia,2025-10-01,25005.67,0.92
1035,3,Iberia,2025-10-01,24569.53,0.92
1036,1,Nordics,2025-10-01,30762.89,0.92
1037,2,Nordics,2025-10-01,27198.75,0.92
1038,3,Nordics,2025-10-01,31047.67,0.92
1039,1,France,2025-10-01,24453.56,0.92
1040,2,France,2025-10-01,26952.9,0.92
1041,3,France,2025-10-01,29194.91,0.92
1042,1,Italy,2025-10-01,31707.23,0.92
1043,2,Italy,2025-10-01,26987.53,0.92
1044,3,Italy,2025-10-01,30058.91,0.92
1045,1,DACH,2025-11-01,32659.78,0.92
1046,2,DACH,2025-11-01,29958.63,0.92
1047,3,DACH,2025-11-01,26129.59,0.92
1048,1,UK,2025-11-01,24044.01,0.92
1049,2,UK,2025-11-01,32500.99,0.92
1050,3,UK,2025-11-01,24012.69,0.92
1051,1,Iberia,2025-11-01,32547.02,0.92
1052,2,Iberia,2025-11-01,29089.37,0.92
1053,3,Iberia,2025-11-01,33190.68,0.92
1054,1,Nordics,2025-11-01,31787.83,0.92
1055,2,Nordics,2025-11-01,33779.34,0.92
1056,3,Nordics,2025-11-01,27307.12,0.92
1057,1,France,2025-11-01,31471.88,0.92
1058,2,France,2025-11-01,27819.31,0.92
1059,3,France,2025-11-01,28598.76,0.92
1060,1,Italy,2025-11-01,30075.05,0.92
1061,2,Italy,2025-11-01,32536.77,0.92
1062,3,Italy,2025-11-01,33640.83,0.92
1063,1,DACH,2025-12-01,31482.73,0.92
1064,2,DACH,2025-12-01,27977.67,0.92
1065,3,DACH,2025-12-01,28013.57,0.92
1066,1,UK,2025-12-01,31175.82,0.92
1067,2,UK,2025-12-01,26187.77,0.92
1068,3,UK,2025-12-01,24904.74,0.92
1069,1,Iberia,2025-12-01,27346.22,0.92
1070,2,Iberia,2025-12-01,26672.39,0.92
1071,3,Iberia,2025-12-01,26763.08,0.92
1072,1,Nordics,2025-12-01,26136.08,0.92
1073,2,Nordics,2025-12-01,24220.93,0.92
1074,3,Nordics,2025-12-01,23978.74,0.92
1075,1,France,2025-12-01,33677.22,0.92
1076,2,France,2025-12-01,28077.73,0.92
1077,3,France,2025-12-01,27643.27,0.92
1078,1,Italy,2025-12-01,30596.47,0.92
1079,2,Italy,2025-12-01,25982.54,0.92
1080,3,Italy,2025-12-01,33299.61,0.92
1081,1,DACH,2026-01-01,32863.45,0.92
1082,2,DACH,2026-01-01,25894.11,0.92
1083,3,DACH,2026-01-01,29175.81,0.92
1084,1,UK,2026-01-01,33791.18,0.92
1085,2,UK,2026-01-01,34447.32,0.92
1086,3,UK,2026-01-01,29674.02,0.92
1087,1,Iberia,2026-01-01,31134.11,0.92
1088,2,Iberia,2026-01-01,26670.34,0.92
1089,3,Iberia,2026-01-01,34911.69,0.92
1090,1,Nordics,2026-01-01,27316.72,0.92
1091,2,Nordics,2026-01-01,34427.32,0.92
1092,3,Nordics,2026-01-01,31496.47,0.92
1093,1,France,2026-01-01,31077.37,0.92
1094,2,France,2026-01-01,30126.89,0.92
1095,3,France,2026-01-01,27306.7,0.92
1096,1,Italy,2026-01-01,26765.28,0.92
1097,2,Italy,2026-01-01,27204.86,0.92
1098,3,Italy,2026-01-01,26864.38,0.92
1099,1,DACH,2026-02-01,32795.84,0.92
1100,2,DACH,2026-02-01,28501.25,0.92
1101,3,DACH,2026-02-01,25578.43,0.92
1102,1,UK,2026-02-01,34691.03,0.92
1103,2,UK,2026-02-01,33837.86,0.92
1104,3,UK,2026-02-01,34277.52,0.92
1105,1,Iberia,2026-02-01,34949.08,0.92
1106,2,Iberia,2026-02-01,26738.95,0.92
1107,3,Iberia,2026-02-01,28962.42,0.92
1108,1,Nordics,2026-02-01,32582.38,0.92
1109,2,Nordics,2026-02-01,31960.21,0.92
1110,3,Nordics,2026-02-01,26538.96,0.92
1111,1,France,2026-02-01,33158.33,0.92
1112,2,France,2026-02-01,27244.41,0.92
1113,3,France,2026-02-01,27238.18,0.92
1114,1,Italy,2026-02-01,30369.74,0.92
1115,2,Italy,2026-02-01,30929.4,0.92
1116,3,Italy,2026-02-01,30800.86,0.92
1117,1,DACH,2026-03-01,25914.87,0.92
1118,2,DACH,2026-03-01,33774.61,0.92
1119,3,DACH,2026-03-01,27656.0,0.92
1120,1,UK,2026-03-01,26295.15,0.92
1121,2,UK,2026-03-01,33887.48,0.92
1122,3,UK,2026-03-01,34556.51,0.92
1123,1,Iberia,2026-03-01,33621.28,0.92
1124,2,Iberia,2026-03-01,33095.16,0.92
1125,3,Iberia,2026-03-01,31552.42,0.92
1126,1,Nordics,2026-03-01,30508.57,0.92
1127,2,Nordics,2026-03-01,25869.87,0.92
1128,3,Nordics,2026-03-01,29084.53,0.92
1129,1,France,2026-03-01,28726.89,0.92
1130,2,France,2026-03-01,27597.54,0.92
1131,3,France,2026-03-01,32234.2,0.92
1132,1,Italy,2026-03-01,29958.76,0.92
1133,2,Italy,2026-03-01,25810.46,0.92
1134,3,Italy,2026-03-01,27201.83,0.92
1135,1,DACH,2026-04-01,31832.59,0.92
1136,2,DACH,2026-04-01,25761.31,0.92
1137,3,DACH,2026-04-01,33512.07,0.92
1138,1,UK,2026-04-01,29951.47,0.92
1139,2,UK,2026-04-01,29805.87,0.92
1140,3,UK,2026-04-01,30924.08,0.92
1141,1,Iberia,2026-04-01,33246.81,0.92
1142,2,Iberia,2026-04-01,28478.09,0.92
1143,3,Iberia,2026-04-01,31780.16,0.92
1144,1,Nordics,2026-04-01,30657.32,0.92
1145,2,Nordics,2026-04-01,27670.28,0.92
1146,3,Nordics,2026-04-01,33786.3,0.92
1147,1,France,2026-04-01,32974.26,0.92
1148,2,France,2026-04-01,31584.52,0.92
1149,3,France,2026-04-01,33505.82,0.92
1150,1,Italy,2026-04-01,33672.94,0.92
1151,2,Italy,2026-04-01,32083.63,0.92
1152,3,Italy,2026-04-01,33370.13,0.92
1153,1,DACH,2026-05-01,31974.71,0.92
1154,2,DACH,2026-05-01,31801.41,0.92
1155,3,DACH,2026-05-01,31186.11,0.92
1156,1,UK,2026-05-01,32527.17,0.92
1157,2,UK,2026-05-01,26586.05,0.92
1158,3,UK,2026-05-01,33808.71,0.92
1159,1,Iberia,2026-05-01,33718.44,0.92
1160,2,Iberia,2026-05-01,25292.47,0.92
1161,3,Iberia,2026-05-01,33258.17,0.92
1162,1,Nordics,2026-05-01,26288.7,0.92
1163,2,Nordics,2026-05-01,28351.19,0.92
1164,3,Nordics,2026-05-01,32435.08,0.92
1165,1,France,2026-05-01,26607.6,0.92
1166,2,France,2026-05-01,33179.67,0.92
1167,3,France,2026-05-01,33321.34,0.92
1168,1,Italy,2026-05-01,30074.68,0.92
1169,2,Italy,2026-05-01,25063.86,0.92
1170,3,Italy,2026-05-01,27870.38,0.92
1171,1,DACH,2026-06-01,31169.27,0.92
1172,2,DACH,2026-06-01,34811.86,0.92
1173,3,DACH,2026-06-01,31318.14,0.92
1174,1,UK,2026-06-01,27598.04,0.92
1175,2,UK,2026-06-01,31340.06,0.92
1176,3,UK,2026-06-01,30399.85,0.92
1177,1,Iberia,2026-06-01,32798.45,0.92
1178,2,Iberia,2026-06-01,26069.81,0.92
1179,3,Iberia,2026-06-01,32610.28,0.92
1180,1,Nordics,2026-06-01,30412.67,0.92
1181,2,Nordics,2026-06-01,34629.92,0.92
1182,3,Nordics,2026-06-01,28418.72,0.92
1183,1,France,2026-06-01,31326.22,0.92
1184,2,France,2026-06-01,34320.28,0.92
1185,3,France,2026-06-01,26025.1,0.92
1186,1,Italy,2026-06-01,34372.28,0.92
1187,2,Italy,2026-06-01,31878.86,0.92
1188,3,Italy,2026-06-01,25678.37,0.92
1189,1,DACH,2026-07-01,28009.64,0.92
1190,2,DACH,2026-07-01,32081.72,0.92
1191,3,DACH,2026-07-01,25673.51,0.92
1192,1,UK,2026-07-01,30821.7,0.92
1193,2,UK,2026-07-01,28458.83,0.92
1194,3,UK,2026-07-01,31209.16,0.92
1195,1,Iberia,2026-07-01,25457.42,0.92
1196,2,Iberia,2026-07-01,33715.37,0.92
1197,3,Iberia,2026-07-01,34734.89,0.92
1198,1,Nordics,2026-07-01,34688.78,0.92
1199,2,Nordics,2026-07-01,32496.52,0.92
1200,3,Nordics,2026-07-01,26300.86,0.92
1201,1,France,2026-07-01,32582.63,0.92
1202,2,France,2026-07-01,25245.87,0.92
1203,3,France,2026-07-01,25221.24,0.92
1204,1,Italy,2026-07-01,28236.1,0.92
1205,2,Italy,2026-07-01,29886.43,0.92
1206,3,Italy,2026-07-01,32704.07,0.92
1207,1,DACH,2026-08-01,31832.95,0.92
1208,2,DACH,2026-08-01,29459.03,0.92
1209,3,DACH,2026-08-01,27736.27,0.92
1210,1,UK,2026-08-01,34971.25,0.92
1211,2,UK,2026-08-01,29261.81,0.92
1212,3,UK,2026-08-01,29513.87,0.92
1213,1,Iberia,2026-08-01,26636.24,0.92
1214,2,Iberia,2026-08-01,32948.1,0.92
1215,3,Iberia,2026-08-01,31936.82,0.92
1216,1,Nordics,2026-08-01,27207.7,0.92
1217,2,Nordics,2026-08-01,25823.81,0.92
1218,3,Nordics,2026-08-01,31804.99,0.92
1219,1,France,2026-08-01,31545.11,0.92
1220,2,France,2026-08-01,27732.6,0.92
1221,3,France,2026-08-01,34508.64,0.92
1222,1,Italy,2026-08-01,26510.58,0.92
1223,2,Italy,2026-08-01,29323.35,0.92
1224,3,Italy,2026-08-01,34436.16,0.92
1225,1,DACH,2026-09-01,29197.27,0.92
1226,2,DACH,2026-09-01,31385.26,0.92
1227,3,DACH,2026-09-01,28975.94,0.92
1228,1,UK,2026-09-01,27742.15,0.92
1229,2,UK,2026-09-01,34839.78,0.92
1230,3,UK,2026-09-01,29093.34,0.92
1231,1,Iberia,2026-09-01,33940.99,0.92
1232,2,Iberia,2026-09-01,27299.55,0.92
1233,3,Iberia,2026-09-01,27131.05,0.92
1234,1,Nordics,2026-09-01,25311.34,0.92
1235,2,Nordics,2026-09-01,31516.67,0.92
1236,3,Nordics,2026-09-01,28685.26,0.92
1237,1,France,2026-09-01,33643.58,0.92
1238,2,France,2026-09-01,29732.1,0.92
1239,3,France,2026-09-01,34681.93,0.92
1240,1,Italy,2026-09-01,26855.26,0.92
1241,2,Italy,2026-09-01,33686.23,0.92
1242,3,Italy,2026-09-01,32765.97,0.92
1243,1,DACH,2026-10-01,32709.22,0.92
1244,2,DACH,2026-10-01,33447.83,0.92
1245,3,DACH,2026-10-01,32610.24,0.92
1246,1,UK,2026-10-01,31262.2,0.92
1247,2,UK,2026-10-01,26312.45,0.92
1248,3,UK,2026-10-01,25325.26,0.92
1249,1,Iberia,2026-10-01,34208.48,0.92
1250,2,Iberia,2026-10-01,31166.5,0.92
1251,3,Iberia,2026-10-01,32965.37,0.92
1252,1,Nordics,2026-10-01,29815.22,0.92
1253,2,Nordics,2026-10-01,26173.08,0.92
1254,3,Nordics,2026-10-01,26251.86,0.92
1255,1,France,2026-10-01,31855.65,0.92
1256,2,France,2026-10-01,29303.06,0.92
1257,3,France,2026-10-01,27005.25,0.92
1258,1,Italy,2026-10-01,29915.95,0.92
1259,2,Italy,2026-10-01,25642.09,0.92
1260,3,Italy,2026-10-01,30819.71,0.92
1261,1,DACH,2026-11-01,27689.93,0.92
1262,2,DACH,2026-11-01,32975.59,0.92
1263,3,DACH,2026-11-01,28103.62,0.92
1264,1,UK,2026-11-01,29552.2,0.92
1265,2,UK,2026-11-01,25116.21,0.92
1266,3,UK,2026-11-01,25724.47,0.92
1267,1,Iberia,2026-11-01,28924.94,0.92
1268,2,Iberia,2026-11-01,29799.39,0.92
1269,3,Iberia,2026-11-01,31000.21,0.92
1270,1,Nordics,2026-11-01,27916.63,0.92
1271,2,Nordics,2026-11-01,31949.82,0.92
1272,3,Nordics,2026-11-01,33601.22,0.92
1273,1,France,2026-11-01,32798.51,0.92
1274,2,France,2026-11-01,25396.19,0.92
1275,3,France,2026-11-01,29805.07,0.92
1276,1,Italy,2026-11-01,26049.3,0.92
1277,2,Italy,2026-11-01,27420.45,0.92
1278,3,Italy,2026-11-01,34866.63,0.92
1279,1,DACH,2026-12-01,26424.96,0.92
1280,2,DACH,2026-12-01,29988.88,0.92
1281,3,DACH,2026-12-01,31181.56,0.92
1282,1,UK,2026-12-01,32024.65,0.92
1283,2,UK,2026-12-01,30596.49,0.92
1284,3,UK,2026-12-01,25097.71,0.92
1285,1,Iberia,2026-12-01,28264.61,0.92
1286,2,Iberia,2026-12-01,30177.12,0.92
1287,3,Iberia,2026-12-01,25878.66,0.92
1288,1,Nordics,2026-12-01,28506.27,0.92
1289,2,Nordics,2026-12-01,25332.03,0.92
1290,3,Nordics,2026-12-01,25785.78,0.92
1291,1,France,2026-12-01,28969.23,0.92
1292,2,France,2026-12-01,26327.16,0.92
1293,3,France,2026-12-01,30675.41,0.92
1294,1,Italy,2026-12-01,31894.65,0.92
1295,2,Italy,2026-12-01,33005.87,0.92
1296,3,Italy,2026-12-01,27001.5,0.92
